Product Title,Price
"PROCESADOR AMD RYZEN 5 7600X, AM5","$ 374,00"
PROCESADOR AMD RYZEN 5 5500,"$ 110,30"
PROCESADOR AMD RYZEN 5 5600X,"$ 193,80"
PROCESADOR AMD RYZEN 5 5600G,"$ 148,00"
"PROCESADOR AMD RYZEN 5 3500, OEM","$ 170,00"
PROCESADOR AMD RYZEN 5 4600G,"$ 144,00"
PROCESADOR AMR RYZEN 5 PRO 4650G OEM,"$ 137,00"
"Pc Gaming Plus Amd: RYZEN 5 PRO 4650G, 8GB, SSD 250GB, CASE RGB, F/550W.","$ 308,30"
PromoPlus: PROCESADOR AMR RYZEN 5 PRO 4650G + GIGABYTE GA-A320-S2H-V2,"$ 175,00"
"Pc Gaming Plus Amd: RYZEN 5 PRO 4650G, 16GB, SSD 480GB, CASE RGB F/450W, 24"" 144Hz","$ 488,40"
PromoPlus: PROCESADOR AMR RYZEN 5 PRO 4650G + GIGABYTE GA-A320-S2H-V2 + 8GB DDR4,"$ 203,40"